Order_ID,Order_Date,Shipping_Date,Sales,Quantity,Profit,Shipping_Mode,Region,Product_Category
1001,2026-01-01,2026-01-06,2561.0,14.0,695.0,First Class,West,Office Supplies
1002,2026-01-02,2026-01-08,741.0,8.0,845.0,Standard Class,North,Office Supplies
1003,2026-01-03,2026-01-07,2541.0,5.0,77.0,Standard Class,East,Furniture
1004,2026-01-04,2026-01-10,3324.0,3.0,669.0,Standard Class,West,Furniture
1005,2026-01-05,2026-01-11,,12.0,605.0,Same Day,West,Office Supplies
1006,2026-01-06,2026-01-09,1863.0,8.0,389.0,Standard Class,East,Office Supplies
1007,2026-01-07,2026-01-11,1978.0,6.0,847.0,First Class,West,Office Supplies
1008,2026-01-08,2026-01-12,3056.0,11.0,380.0,Standard Class,East,Technology
1009,2026-01-09,2026-01-13,1275.0,3.0,689.0,,South,Furniture
1010,2026-01-10,2026-01-16,4514.0,1.0,555.0,Second Class,East,Office Supplies
1011,2026-01-11,2026-01-16,534.0,3.0,397.0,Same Day,East,Furniture
1012,2026-01-12,2026-01-16,3652.0,5.0,522.0,Second Class,East,Technology
1013,2026-01-13,2026-01-20,2455.0,14.0,,First Class,West,Technology
1014,2026-01-14,2026-01-20,2085.0,3.0,239.0,Standard Class,West,Office Supplies
1015,2026-01-15,2026-01-18,4443.0,1.0,274.0,Same Day,East,Technology
1016,2026-01-16,2026-01-21,3573.0,5.0,434.0,Standard Class,West,Furniture
1017,2026-01-17,2026-01-24,1521.0,10.0,426.0,Standard Class,North,Office Supplies
1018,2026-01-18,2026-01-25,3961.0,7.0,332.0,First Class,North,Furniture
1019,2026-01-19,2026-01-22,3113.0,14.0,682.0,Second Class,West,Furniture
1020,2026-01-20,2026-01-25,4343.0,7.0,677.0,Second Class,West,Technology
1021,2026-01-21,2026-01-27,2000.0,,794.0,Standard Class,East,Technology
1022,2026-01-22,2026-01-24,661.0,9.0,308.0,Same Day,South,Technology
1023,2026-01-23,2026-01-28,4797.0,10.0,408.0,Second Class,West,Technology
1024,2026-01-24,2026-01-27,2481.0,10.0,759.0,Same Day,North,Technology
1025,2026-01-25,2026-02-01,1495.0,12.0,505.0,Second Class,East,Office Supplies
1026,2026-01-26,2026-02-01,3842.0,13.0,460.0,Same Day,West,Furniture
1027,2026-01-27,2026-02-01,4298.0,3.0,698.0,First Class,North,Furniture
1028,2026-01-28,2026-01-30,1775.0,7.0,367.0,Same Day,North,Furniture
1029,2026-01-29,2026-01-31,1516.0,1.0,726.0,First Class,South,Furniture
1030,2026-01-30,2026-02-03,837.0,4.0,274.0,First Class,East,Technology
1031,2026-01-31,2026-02-04,50000.0,13.0,868.0,Same Day,East,Furniture
1032,2026-02-01,2026-02-04,1576.0,4.0,283.0,First Class,South,Office Supplies
1033,2026-02-02,2026-02-07,4493.0,14.0,733.0,Standard Class,South,Office Supplies
1034,2026-02-03,2026-02-08,879.0,5.0,713.0,First Class,East,Furniture
1035,2026-02-04,2026-02-11,992.0,7.0,876.0,Second Class,East,Furniture
1036,2026-02-05,2026-02-12,2562.0,7.0,423.0,Same Day,West,Office Supplies
1037,2026-02-06,2026-02-13,4384.0,13.0,721.0,Standard Class,West,Office Supplies
1038,2026-02-07,2026-02-11,564.0,11.0,657.0,Same Day,South,Technology
1039,2026-02-08,2026-02-13,3068.0,13.0,521.0,Second Class,West,Office Supplies
1040,2026-02-09,2026-02-14,2527.0,4.0,282.0,Second Class,North,Technology
1041,2026-02-10,2026-02-12,3195.0,13.0,741.0,Second Class,West,Technology
1042,2026-02-11,2026-02-15,1995.0,7.0,15000.0,First Class,West,Technology
1043,2026-02-12,2026-02-18,891.0,11.0,879.0,First Class,North,Technology
1044,2026-02-13,2026-02-17,4974.0,3.0,546.0,Same Day,South,Technology
1045,2026-02-14,2026-02-20,4061.0,6.0,491.0,Same Day,North,Furniture
1046,2026-02-15,2026-02-17,2778.0,12.0,613.0,Standard Class,West,Office Supplies
1047,2026-02-16,2026-02-19,3599.0,2.0,317.0,Standard Class,South,Technology
1048,2026-02-17,2026-02-22,700.0,10.0,559.0,Same Day,West,Office Supplies
1049,2026-02-18,2026-02-20,3604.0,13.0,856.0,First Class,North,Office Supplies
1050,2026-02-19,2026-02-24,2954.0,14.0,435.0,Second Class,North,Technology
1011,2026-01-11,2026-01-16,534.0,3.0,397.0,Same Day,East,Furniture
